order_id,customer_id,ordered_at,net_revenue,status,payment_status,shipped_at,description,currency
1001,C1,2026-09-28T00:00:00Z,10.00,completed,paid,2026-09-29T00:00:00Z,Order 1001,USD
1002,C2,2026-09-28T00:00:00Z,20.00,completed,paid,2026-09-29T00:00:00Z,Order 1002,USD
1003,C3,2026-09-28T00:00:00Z,30.00,completed,paid,2026-09-29T00:00:00Z,Order 1003,USD
1004,C4,2026-09-28T00:00:00Z,40.00,completed,paid,2026-09-29T00:00:00Z,Order 1004,USD
1005,C5,2026-09-28T00:00:00Z,50.00,completed,paid,2026-09-29T00:00:00Z,Order 1005,USD
1006,C1,2026-09-28T00:00:00Z,60.00,completed,paid,2026-09-29T00:00:00Z,Order 1006,USD
1007,C2,2026-09-28T00:00:00Z,70.00,completed,paid,2026-09-29T00:00:00Z,Order 1007,USD
1008,C3,2026-09-28T00:00:00Z,80.00,completed,paid,2026-09-29T00:00:00Z,Order 1008,USD
1009,C4,2026-09-28T00:00:00Z,90.00,completed,paid,2026-09-29T00:00:00Z,Order 1009,USD
1010,C5,2026-09-28T00:00:00Z,100.00,completed,paid,2026-09-29T00:00:00Z,Order 1010,USD
